2,Nation 2
3,Nation 3
4,Nation 4
5,Nation 5
6,Nation 6
7,Nation 7
8,Nation 8
9,Nation 9
10,Nation 10
11,Nation 11
12,Nation 12
13,Nation 13
14,Nation 14
15,Nation 15
16,Nation 16
17,Nation 17
18,Nation 18
19,Nation 19
20,Nation 20
21,Nation 21
22,Nation 22
23,Nation 23
24,Nation 24
25,Nation 25
26,Nation 26
27,Nation 27
28,Nation 28
29,Nation 29
30,Nation 30
31,Nation 31
32,Nation 32
33,Nation 33
34,Nation 34
35,Nation 35
36,Nation 36
37,Nation 37
38,Nation 38
39,Nation 39
40,Nation 40
41,Nation 41
42,Nation 42
43,Nation 43
44,Nation 44
45,Nation 45
46,Nation 46
